name,street,city,region
Rachelle Ortelt,090 Twin Pines Avenue,Lansing,Michigan
Sherrie Ettridge,4822 Granby Parkway,Waterloo,Iowa
Feliza Bonson,39810 Sunfield Place,Orlando,Florida
Aldis Kenset,4 Morrow Center,Montgomery,Alabama
Ferdinand Cazin,64 Mesta Plaza,Denver,Colorado
Georgie Petroff,6006 Debra Center,Minneapolis,Minnesota
Fitz Mesias,16766 Lyons Court,Washington,District of Columbia
Bethany Juris,083 Southridge Hill,Salt Lake City,Utah
Jeniffer Mougeot,91 Ronald Regan Junction,Seminole,Florida
Cad McCobb,938 Delladonna Street,Huntington Beach,California
Zarah Fleis,6 American Place,New York City,New York
Martguerita MacKegg,4423 Darwin Terrace,Denver,Colorado
Allie Bartram,907 Orin Drive,Minneapolis,Minnesota
Brina Testin,676 Shelley Avenue,Jamaica,New York
Shae Belbin,2045 Pankratz Court,El Paso,Texas
Morton Pashenkov,9 Roth Pass,Vancouver,Washington
Stefano Eve,4 Delladonna Terrace,El Paso,Texas
Cecilla Glasard,1842 Pierstorff Plaza,Laurel,Maryland
Sigismundo Markson,8210 Butternut Terrace,Birmingham,Alabama
Marie-jeanne Edworthye,5 Killdeer Avenue,Shreveport,Louisiana
Nora Reyson,3789 Scoville Junction,Las Vegas,Nevada
Astra Thieme,678 5th Park,Akron,Ohio
Cristobal Jobbings,1 Arizona Lane,Pueblo,Colorado
Walther Gasquoine,26684 Raven Pass,Buffalo,New York
Harriette Gillespie,8298 Oak Valley Junction,Tacoma,Washington
Wren Murtimer,09004 Anhalt Crossing,Oklahoma City,Oklahoma
Lizbeth Doohey,9296 Tennessee Way,Fort Worth,Texas
Gasparo Rotchell,7 Buell Terrace,Madison,Wisconsin
Ulises Batstone,248 Fulton Parkway,Green Bay,Wisconsin
Dillon Readmire,5358 Charing Cross Place,Flint,Michigan
Derward Lindbergh,2222 Farmco Hill,Minneapolis,Minnesota
Richart Jurkiewicz,77353 Marcy Junction,Torrance,California
Dudley Moors,33 Cordelia Hill,San Antonio,Texas
Bartholomeo Tracey,88794 7th Circle,Corona,California
Stella Shillaker,152 Mcguire Road,Phoenix,Arizona
Shelagh Townby,8 Rigney Drive,Jefferson City,Missouri
Teriann Horrigan,5 Muir Drive,Milwaukee,Wisconsin
Leodora Olliver,14 Butterfield Park,Atlanta,Georgia
Findlay Brothwell,6 Norway Maple Plaza,Canton,Ohio
Myer Reye,6317 Larry Lane,Atlanta,Georgia
Livvy Girardengo,4 Lerdahl Alley,Miami,Florida
Dwight Baselli,06 Spaight Terrace,Wichita Falls,Texas
Irwinn Arents,51 Maywood Place,San Bernardino,California
Jule Pyburn,99 Bultman Street,Cincinnati,Ohio
Melonie Eliesco,005 Melody Park,Phoenix,Arizona
Iormina Alphonso,38 Schiller Road,Saint Paul,Minnesota
Auria Tebboth,1153 Moland Trail,Kissimmee,Florida
Wilton Moreland,15891 Esker Drive,Richmond,Virginia
Pryce Defew,40818 Dorton Crossing,Tampa,Florida
Karoly Heel,11 Anthes Center,Philadelphia,Pennsylvania
